{"comment": "", "charmap": {
"ဆ": [["ဈ", 0.010]], 
"တ": [["ဢ", 0.010]], 
"န": [["ဎ", 0.010]], 
"မ": [["ဣ", 0.010]], 
"အ": [["ဤ", 0.010]], 
"ပ": [["၌", 0.010]],
"က": [["ဉ", 0.010]],
"င": [["၍", 0.010]], 
"သ": [["ဿ", 0.010]], 
"စ": [["ဏ", 0.010]], 
"ဟ": [["ဧ", 0.010]], 
"ေ": [["ဗ", 0.010]], 
"ျ": [["ှ", 0.010]], 
"ိ": [["ီ", 0.010]], 
"်": [["ဥ", 0.010]],
"ါ": [["၀", 0.010]], 
"့": [["ံ", 0.010]], 
"ြ": [["ဲ", 0.010]], 
"ု": [["ဦ", 0.010]], 
"ူ": [["ဨ", 0.010]], 
"း": [["ဳ", 0.010]], 
"ဒ": [["ဓ", 0.010]], 
"ဖ": [["ဇ", 0.010]], 
"ထ": [["ဌ", 0.010]], 
"ခ": [["ဃ", 0.010]], 
"လ": [["ဠ", 0.010]], 
"ဘ": [["ဝ", 0.010]], 
"ည": [["ဴ", 0.010]]
}, "version": ["0", "0"], "variant": ["my", "MM"], "name": "Burmese", "local_name": "မြန်မာဘာသာ"}
