{"comment": "", "charmap": {
"ឆ": [["ឈ", 0.010]],
"ឹ": [["ឺ", 0.010]],
"េ": [["ឯ", 0.010], ["ែ", 1.0]],
"រ": [["ឬ", 0.010], ["ឫ", 0.010]],
"ត": [["ទ", 0.010]],
"យ": [["ួ", 0.010]],
"ុ": [["ូ", 0.010]],
"ិ": [["ឦ", 0.010], ["ី", 1.0]],
"ោ": [["ឱ", 0.010], ["ៅ", 1.0]],
"ផ": [["ភ", 0.010], ["ឰ", 0.010]],
"ៀ": [["ឩ", 0.010], ["ឿ", 1.0]],
"ឨ": [["ឧ", 0.010]],
"ា": [["ឝ", 0.010]],
"ស": [["ៃ", 0.010]],
"ដ": [["ឌ", 0.010]],
"ថ": [["ធ", 0.010]],
"ង": [["ព", 0.010]],
"ហ": [["ះ", 0.010]],
"្": [["ឈ", 0.010], ["ញ", 0.010]],
"ក": [["គ", 0.010]],
"ឍ": [["ឡ", 0.010], ["ល", 1.0]],
"់": [["ៈ", 0.010], ["៉", 0.010]],
"ឋ": [["អ", 0.010]],
"ខ": [["ឃ", 0.010]],
"ច": [["ជ", 0.010]],
"វ": [["ឪ", 0.010]],
"ប": [["ឳ", 0.010]],
"ន": [["ណ", 0.010]],
"ម": [["ំ", 0.010]],
"៊": [["ឞ", 0.010]]
}, "version": ["0", "0"], "variant": ["km", "KH"], "name": "Khmer", "local_name":"ភាសាខ្មែរ"}
